timestamp,row_type,event_type,message,occupancy,occupancy_value,total_in,total_out,zone_dwell_door,zone_dwell_waiting,line_orientation,capacity_level
2026-02-16T20:32:46.173+00:00,snapshot,,,0,0,0,0,0.0,0.0,pending,none
2026-02-16T20:32:46.504+00:00,snapshot,,,1,1,0,0,1.861,0.0,pending,none
2026-02-16T20:32:46.927+00:00,snapshot,,,1,1,0,0,2.364,0.0,pending,none
2026-02-16T20:32:47.491+00:00,snapshot,,,1,1,0,0,2.929,0.0,vertical,none
2026-02-16T20:32:48.070+00:00,snapshot,,,1,1,0,0,3.505,0.0,vertical,none
2026-02-16T20:32:48.592+00:00,snapshot,,,1,1,0,0,4.059,0.0,vertical,none
2026-02-16T20:32:49.220+00:00,snapshot,,,1,1,0,0,4.65,0.0,vertical,none
2026-02-16T20:32:49.790+00:00,snapshot,,,1,1,0,0,5.225,0.0,vertical,none
2026-02-16T20:32:50.360+00:00,snapshot,,,1,1,0,0,5.794,0.0,vertical,none
2026-02-16T20:32:50.906+00:00,snapshot,,,1,1,0,0,6.373,0.0,vertical,none
2026-02-16T20:32:51.531+00:00,snapshot,,,1,1,0,0,6.967,0.0,vertical,none
2026-02-16T20:32:52.083+00:00,snapshot,,,1,1,1,0,7.523,0.0,vertical,none
2026-02-16T20:32:52.628+00:00,snapshot,,,1,1,1,0,8.067,0.0,vertical,none
2026-02-16T20:32:53.211+00:00,snapshot,,,1,1,1,0,8.679,0.0,vertical,none
2026-02-16T20:32:53.756+00:00,snapshot,,,1,1,1,0,9.193,0.0,vertical,none
2026-02-16T20:32:54.319+00:00,snapshot,,,1,1,1,0,9.761,0.0,vertical,none
2026-02-16T20:32:54.858+00:00,snapshot,,,1,1,1,0,10.3,0.0,vertical,none
2026-02-16T20:32:55.436+00:00,snapshot,,,1,1,1,0,10.899,0.0,vertical,none
2026-02-16T20:32:55.997+00:00,snapshot,,,1,1,1,0,11.436,0.0,vertical,none
2026-02-16T20:32:56.551+00:00,snapshot,,,1,1,1,0,11.985,0.0,vertical,none
2026-02-16T20:32:57.127+00:00,snapshot,,,1,1,1,0,12.568,0.0,vertical,none
2026-02-16T20:32:57.693+00:00,snapshot,,,1,1,1,0,13.162,0.0,vertical,none
2026-02-16T20:32:58.246+00:00,snapshot,,,1,1,1,0,13.685,0.0,vertical,none
2026-02-16T20:32:58.797+00:00,snapshot,,,1,1,1,0,14.236,0.0,vertical,none
2026-02-16T20:32:59.405+00:00,snapshot,,,1,1,1,0,14.841,0.0,vertical,none
2026-02-16T20:32:59.935+00:00,snapshot,,,1,1,1,0,15.399,0.0,vertical,none
2026-02-16T20:33:00.526+00:00,snapshot,,,1,1,2,0,15.958,0.0,vertical,none
2026-02-16T20:33:01.075+00:00,snapshot,,,1,1,2,0,16.509,0.0,vertical,none
2026-02-16T20:33:01.688+00:00,snapshot,,,1,1,2,1,17.126,0.0,vertical,none
2026-02-16T20:33:02.206+00:00,snapshot,,,1,1,2,1,17.675,0.0,vertical,none
2026-02-16T20:33:02.752+00:00,snapshot,,,1,1,2,1,18.192,0.0,vertical,none
2026-02-16T20:33:03.316+00:00,snapshot,,,1,1,2,1,18.754,0.0,vertical,none
2026-02-16T20:33:03.930+00:00,snapshot,,,1,1,2,1,19.366,0.0,vertical,none
2026-02-16T20:33:04.458+00:00,snapshot,,,1,1,3,1,19.92,0.0,vertical,none
2026-02-16T20:33:05.007+00:00,snapshot,,,1,1,3,1,20.447,0.0,vertical,none
2026-02-16T20:33:05.611+00:00,snapshot,,,1,1,3,1,21.05,0.0,vertical,none
2026-02-16T20:33:06.174+00:00,snapshot,,,1,1,3,2,21.605,0.0,vertical,none
2026-02-16T20:33:06.724+00:00,snapshot,,,1,1,3,2,22.192,0.0,vertical,none
2026-02-16T20:33:07.272+00:00,snapshot,,,1,1,3,2,22.71,0.0,vertical,none
2026-02-16T20:33:07.890+00:00,snapshot,,,1,1,3,2,23.322,0.0,vertical,none
2026-02-16T20:33:08.442+00:00,snapshot,,,1,1,3,2,23.876,0.0,vertical,none
2026-02-16T20:33:08.987+00:00,snapshot,,,1,1,3,2,24.449,0.0,vertical,none
2026-02-16T20:33:09.575+00:00,snapshot,,,1,1,4,2,25.011,0.0,vertical,none
2026-02-16T20:33:10.202+00:00,snapshot,,,1,1,4,2,25.636,0.0,vertical,none
2026-02-16T20:33:10.751+00:00,snapshot,,,1,1,4,2,26.189,0.0,vertical,none
2026-02-16T20:33:11.278+00:00,snapshot,,,1,1,4,3,26.741,0.0,vertical,none
2026-02-16T20:33:11.911+00:00,snapshot,,,1,1,4,3,27.342,0.0,vertical,none
2026-02-16T20:33:12.506+00:00,snapshot,,,1,1,4,3,27.937,0.0,vertical,none
2026-02-16T20:33:13.073+00:00,snapshot,,,1,1,4,3,28.505,0.0,vertical,none
2026-02-16T20:33:13.595+00:00,snapshot,,,1,1,4,3,29.062,0.0,vertical,none
2026-02-16T20:33:14.226+00:00,snapshot,,,1,1,5,3,29.663,0.0,vertical,none
2026-02-16T20:33:14.789+00:00,snapshot,,,1,1,5,3,30.227,0.0,vertical,none
2026-02-16T20:33:15.353+00:00,snapshot,,,1,1,5,3,30.783,0.0,vertical,none
2026-02-16T20:33:15.917+00:00,snapshot,,,1,1,5,4,31.379,0.0,vertical,none
2026-02-16T20:33:16.539+00:00,snapshot,,,1,1,5,4,31.977,0.0,vertical,none
2026-02-16T20:33:17.094+00:00,snapshot,,,1,1,5,4,32.531,0.0,vertical,none
2026-02-16T20:33:17.644+00:00,snapshot,,,1,1,6,4,33.081,0.0,vertical,none
2026-02-16T20:33:18.233+00:00,snapshot,,,1,1,6,4,33.7,0.0,vertical,none
2026-02-16T20:33:18.807+00:00,snapshot,,,1,1,6,4,34.242,0.0,vertical,none
2026-02-16T20:33:19.358+00:00,snapshot,,,1,1,6,5,34.795,0.0,vertical,none
2026-02-16T20:33:19.909+00:00,snapshot,,,1,1,6,5,35.346,0.0,vertical,none
2026-02-16T20:33:20.491+00:00,snapshot,,,1,1,6,5,35.953,0.0,vertical,none
2026-02-16T20:33:21.050+00:00,snapshot,,,1,1,6,5,36.488,0.0,vertical,none
2026-02-16T20:33:21.605+00:00,snapshot,,,1,1,6,5,37.042,0.0,vertical,none
2026-02-16T20:33:22.189+00:00,snapshot,,,1,1,6,5,37.619,0.0,vertical,none
2026-02-16T20:33:22.799+00:00,snapshot,,,1,1,7,5,38.261,0.0,vertical,none
2026-02-16T20:33:23.365+00:00,snapshot,,,1,1,7,5,38.795,0.0,vertical,none
2026-02-16T20:33:23.924+00:00,snapshot,,,1,1,7,6,39.361,0.0,vertical,none
2026-02-16T20:33:24.534+00:00,snapshot,,,1,1,7,6,39.968,0.0,vertical,none
2026-02-16T20:33:25.082+00:00,snapshot,,,1,1,7,6,40.549,0.0,vertical,none
2026-02-16T20:33:25.645+00:00,snapshot,,,1,1,7,6,41.079,0.0,vertical,none
2026-02-16T20:33:26.200+00:00,snapshot,,,1,1,8,6,41.638,0.0,vertical,none
2026-02-16T20:33:26.826+00:00,snapshot,,,1,1,8,7,42.262,0.0,vertical,none
2026-02-16T20:33:27.352+00:00,snapshot,,,1,1,8,7,42.817,0.0,vertical,none
2026-02-16T20:33:27.927+00:00,snapshot,,,1,1,8,7,43.364,0.0,vertical,none
2026-02-16T20:33:28.476+00:00,snapshot,,,1,1,8,7,43.549,0.0,vertical,none
2026-02-16T20:33:29.082+00:00,snapshot,,,1,1,8,7,43.912,0.0,vertical,none
2026-02-16T20:33:29.603+00:00,snapshot,,,1,1,8,7,44.462,0.0,vertical,none
2026-02-16T20:33:30.154+00:00,snapshot,,,1,1,8,7,44.983,0.0,vertical,none
2026-02-16T20:33:30.777+00:00,snapshot,,,1,1,8,7,45.605,0.0,vertical,none
2026-02-16T20:33:31.353+00:00,snapshot,,,1,1,8,7,46.181,0.0,vertical,none
2026-02-16T20:33:31.879+00:00,snapshot,,,1,1,8,7,46.737,0.0,vertical,none
2026-02-16T20:33:32.433+00:00,snapshot,,,1,1,8,7,47.261,0.0,vertical,none
2026-02-16T20:33:33.048+00:00,snapshot,,,1,1,8,7,47.877,0.0,vertical,none
2026-02-16T20:33:33.603+00:00,snapshot,,,1,1,8,7,48.432,0.0,vertical,none
2026-02-16T20:33:34.153+00:00,snapshot,,,1,1,8,7,49.01,0.0,vertical,none
2026-02-16T20:33:34.719+00:00,snapshot,,,1,1,8,7,49.544,0.0,vertical,none
2026-02-16T20:33:35.363+00:00,snapshot,,,2,2,8,7,50.176,0.192,vertical,none
2026-02-16T20:33:35.935+00:00,snapshot,,,2,2,8,7,50.759,0.775,vertical,none
2026-02-16T20:33:36.471+00:00,snapshot,,,2,2,8,7,51.326,1.341,vertical,none
2026-02-16T20:33:37.114+00:00,snapshot,,,2,2,8,7,51.94,1.955,vertical,none
2026-02-16T20:33:37.673+00:00,snapshot,,,1,1,8,7,52.503,1.955,vertical,none
2026-02-16T20:33:38.228+00:00,snapshot,,,1,1,8,7,53.058,1.955,vertical,none
2026-02-16T20:33:38.754+00:00,snapshot,,,1,1,8,7,53.611,1.955,vertical,none
2026-02-16T20:33:39.380+00:00,snapshot,,,1,1,8,7,54.207,1.955,vertical,none
2026-02-16T20:33:39.939+00:00,snapshot,,,1,1,9,7,54.765,1.955,vertical,none
2026-02-16T20:33:40.519+00:00,snapshot,,,1,1,9,7,55.347,1.955,vertical,none
2026-02-16T20:33:41.046+00:00,snapshot,,,1,1,9,7,55.903,1.955,vertical,none
2026-02-16T20:33:41.654+00:00,snapshot,,,1,1,9,7,56.483,1.955,vertical,none
2026-02-16T20:33:42.212+00:00,snapshot,,,1,1,9,7,57.041,1.955,vertical,none
2026-02-16T20:33:42.771+00:00,snapshot,,,1,1,9,7,57.598,1.955,vertical,none
2026-02-16T20:33:43.391+00:00,snapshot,,,1,1,9,7,58.247,1.955,vertical,none
2026-02-16T20:33:43.952+00:00,snapshot,,,1,1,9,7,58.78,1.955,vertical,none
2026-02-16T20:33:44.512+00:00,snapshot,,,1,1,9,7,59.34,1.955,vertical,none
2026-02-16T20:33:45.061+00:00,snapshot,,,1,1,9,7,59.892,1.955,vertical,none
2026-02-16T20:33:45.648+00:00,snapshot,,,1,1,9,7,60.504,1.955,vertical,none
2026-02-16T20:33:46.232+00:00,snapshot,,,1,1,9,7,61.058,1.955,vertical,none
2026-02-16T20:33:46.792+00:00,snapshot,,,1,1,10,7,61.621,1.955,vertical,none
2026-02-16T20:33:47.348+00:00,snapshot,,,1,1,10,7,62.175,1.955,vertical,none
2026-02-16T20:33:47.939+00:00,snapshot,,,1,1,10,8,62.795,1.955,vertical,none
2026-02-16T20:33:48.502+00:00,snapshot,,,1,1,10,8,63.328,1.955,vertical,none
2026-02-16T20:33:49.063+00:00,snapshot,,,1,1,10,8,63.888,1.955,vertical,none
2026-02-16T20:33:49.711+00:00,snapshot,,,1,1,10,8,64.538,1.955,vertical,none
2026-02-16T20:33:50.239+00:00,snapshot,,,1,1,10,8,65.096,1.955,vertical,none
2026-02-16T20:33:50.798+00:00,snapshot,,,1,1,10,8,65.626,1.955,vertical,none
2026-02-16T20:33:51.350+00:00,snapshot,,,1,1,11,8,66.18,1.955,vertical,none
2026-02-16T20:33:51.968+00:00,snapshot,,,1,1,11,9,66.797,1.955,vertical,none
2026-02-16T20:33:52.517+00:00,snapshot,,,1,1,11,9,67.376,1.955,vertical,none
2026-02-16T20:33:53.079+00:00,snapshot,,,1,1,11,9,67.906,1.955,vertical,none
2026-02-16T20:33:53.634+00:00,snapshot,,,1,1,11,9,68.461,1.955,vertical,none
2026-02-16T20:33:54.263+00:00,snapshot,,,1,1,11,9,69.09,1.955,vertical,none
2026-02-16T20:33:54.789+00:00,snapshot,,,1,1,12,9,69.647,1.955,vertical,none
2026-02-16T20:33:55.362+00:00,snapshot,,,1,1,12,9,70.191,1.955,vertical,none
2026-02-16T20:33:55.973+00:00,snapshot,,,1,1,12,9,70.799,1.955,vertical,none
2026-02-16T20:33:56.532+00:00,snapshot,,,1,1,12,10,71.361,1.955,vertical,none
2026-02-16T20:33:57.064+00:00,snapshot,,,1,1,12,10,71.921,1.955,vertical,none
2026-02-16T20:33:57.624+00:00,snapshot,,,1,1,12,10,72.449,1.955,vertical,none
2026-02-16T20:33:58.242+00:00,snapshot,,,1,1,12,10,73.072,1.955,vertical,none
2026-02-16T20:33:58.821+00:00,snapshot,,,1,1,12,10,73.647,1.955,vertical,none
2026-02-16T20:33:59.350+00:00,snapshot,,,1,1,12,10,74.208,1.955,vertical,none
2026-02-16T20:33:59.912+00:00,snapshot,,,1,1,13,10,74.739,1.955,vertical,none
2026-02-16T20:34:00.530+00:00,snapshot,,,1,1,13,10,75.357,1.955,vertical,none
2026-02-16T20:34:01.090+00:00,snapshot,,,1,1,13,11,75.916,1.955,vertical,none
2026-02-16T20:34:01.647+00:00,snapshot,,,1,1,13,11,76.503,1.955,vertical,none
2026-02-16T20:34:02.274+00:00,snapshot,,,1,1,13,11,77.097,1.955,vertical,none
2026-02-16T20:34:02.844+00:00,snapshot,,,1,1,13,11,77.667,1.955,vertical,none
2026-02-16T20:34:03.418+00:00,snapshot,,,1,1,13,11,78.241,1.955,vertical,none
2026-02-16T20:34:03.956+00:00,snapshot,,,1,1,13,11,78.812,1.955,vertical,none
2026-02-16T20:34:04.610+00:00,snapshot,,,1,1,13,11,79.434,1.955,vertical,none
2026-02-16T20:34:05.174+00:00,snapshot,,,1,1,13,11,80.0,1.955,vertical,none
2026-02-16T20:34:05.737+00:00,snapshot,,,2,2,13,11,80.563,1.955,vertical,none
2026-02-16T20:34:06.272+00:00,snapshot,,,2,2,13,11,81.127,1.955,vertical,none
2026-02-16T20:34:06.911+00:00,snapshot,,,2,2,13,11,81.732,1.955,vertical,none
2026-02-16T20:34:07.483+00:00,snapshot,,,2,2,13,11,82.307,1.955,vertical,none
2026-02-16T20:34:08.074+00:00,snapshot,,,2,2,13,11,82.898,1.955,vertical,none
2026-02-16T20:34:08.665+00:00,snapshot,,,1,1,13,11,83.524,1.955,vertical,none
2026-02-16T20:34:09.229+00:00,snapshot,,,1,1,13,11,84.055,1.955,vertical,none
2026-02-16T20:34:09.789+00:00,snapshot,,,1,1,13,11,84.617,1.955,vertical,none
2026-02-16T20:34:10.362+00:00,snapshot,,,1,1,13,11,85.183,1.955,vertical,none
2026-02-16T20:34:10.980+00:00,snapshot,,,1,1,13,11,85.837,1.955,vertical,none
2026-02-16T20:34:11.546+00:00,snapshot,,,1,1,13,11,86.37,1.955,vertical,none
2026-02-16T20:34:12.119+00:00,snapshot,,,1,1,13,11,86.938,1.955,vertical,none
2026-02-16T20:34:12.686+00:00,snapshot,,,1,1,13,11,87.514,1.955,vertical,none
2026-02-16T20:34:13.282+00:00,snapshot,,,2,2,13,11,88.326,1.955,vertical,none
2026-02-16T20:34:13.864+00:00,snapshot,,,2,2,13,11,89.428,1.955,vertical,none
2026-02-16T20:34:14.426+00:00,snapshot,,,2,2,13,11,90.553,1.955,vertical,none
2026-02-16T20:34:15.052+00:00,snapshot,,,2,2,13,11,91.8,1.955,vertical,none
2026-02-16T20:34:15.591+00:00,snapshot,,,1,1,13,11,92.371,1.955,vertical,none
2026-02-16T20:34:16.167+00:00,snapshot,,,1,1,13,11,92.911,1.955,vertical,none
2026-02-16T20:34:16.747+00:00,snapshot,,,1,1,13,11,93.489,1.955,vertical,none
2026-02-16T20:34:17.400+00:00,snapshot,,,1,1,14,11,94.15,1.955,vertical,none
2026-02-16T20:34:17.943+00:00,snapshot,,,1,1,14,11,94.723,1.955,vertical,none
2026-02-16T20:34:18.504+00:00,snapshot,,,1,1,14,11,95.255,1.955,vertical,none
2026-02-16T20:34:19.069+00:00,snapshot,,,1,1,14,11,95.816,1.955,vertical,none
2026-02-16T20:34:19.697+00:00,snapshot,,,1,1,14,11,96.445,1.955,vertical,none
2026-02-16T20:34:20.258+00:00,snapshot,,,1,1,14,12,97.038,1.955,vertical,none
2026-02-16T20:34:20.820+00:00,snapshot,,,1,1,14,12,97.57,1.955,vertical,none
2026-02-16T20:34:21.452+00:00,snapshot,,,1,1,14,12,98.2,1.955,vertical,none
2026-02-16T20:34:22.028+00:00,snapshot,,,1,1,14,12,98.773,1.955,vertical,none
2026-02-16T20:34:22.571+00:00,snapshot,,,1,1,14,12,99.351,1.955,vertical,none
2026-02-16T20:34:23.169+00:00,snapshot,,,2,2,14,12,99.919,1.955,vertical,none
2026-02-16T20:34:23.789+00:00,snapshot,,,2,2,14,12,100.539,1.955,vertical,none
2026-02-16T20:34:24.360+00:00,snapshot,,,2,2,14,12,101.668,1.955,vertical,none
2026-02-16T20:34:24.904+00:00,snapshot,,,2,2,14,12,102.827,1.955,vertical,none
2026-02-16T20:34:25.468+00:00,snapshot,,,2,2,14,12,103.896,1.955,vertical,none
2026-02-16T20:34:26.103+00:00,snapshot,,,1,1,14,12,104.971,1.955,vertical,none
2026-02-16T20:34:26.696+00:00,snapshot,,,2,2,14,12,105.564,1.955,vertical,none
2026-02-16T20:34:27.235+00:00,snapshot,,,2,2,14,12,106.135,1.955,vertical,none
2026-02-16T20:34:27.856+00:00,snapshot,,,2,2,14,12,106.727,1.955,vertical,none
2026-02-16T20:34:28.425+00:00,snapshot,,,2,2,14,12,107.293,1.955,vertical,none
2026-02-16T20:34:28.994+00:00,snapshot,,,1,1,14,12,107.864,1.955,vertical,none
2026-02-16T20:34:29.558+00:00,snapshot,,,1,1,14,12,108.459,1.955,vertical,none
2026-02-16T20:34:30.184+00:00,snapshot,,,1,1,14,12,109.053,1.955,vertical,none
2026-02-16T20:34:30.758+00:00,snapshot,,,1,1,14,12,109.625,1.955,vertical,none
2026-02-16T20:34:31.327+00:00,snapshot,,,1,1,14,12,110.197,1.955,vertical,none
2026-02-16T20:34:31.868+00:00,snapshot,,,2,2,14,12,111.342,1.955,vertical,none
2026-02-16T20:34:32.525+00:00,snapshot,,,2,2,14,12,112.588,1.955,vertical,none
2026-02-16T20:34:33.102+00:00,snapshot,,,2,2,14,12,113.738,1.955,vertical,none
2026-02-16T20:34:33.683+00:00,snapshot,,,1,1,14,12,114.514,1.955,vertical,none
2026-02-16T20:34:34.290+00:00,snapshot,,,1,1,14,12,115.157,1.955,vertical,none
2026-02-16T20:34:34.857+00:00,snapshot,,,1,1,15,12,115.692,1.955,vertical,none
2026-02-16T20:34:35.417+00:00,snapshot,,,1,1,15,12,116.254,1.955,vertical,none
2026-02-16T20:34:35.998+00:00,snapshot,,,1,1,15,13,116.836,1.955,vertical,none
2026-02-16T20:34:36.591+00:00,snapshot,,,2,2,15,13,117.46,1.955,vertical,none
2026-02-16T20:34:37.159+00:00,snapshot,,,2,2,15,13,117.993,1.955,vertical,none
2026-02-16T20:34:37.732+00:00,snapshot,,,2,2,15,13,118.565,1.955,vertical,none
2026-02-16T20:34:38.303+00:00,snapshot,,,2,2,15,13,119.136,1.955,vertical,none
2026-02-16T20:34:38.919+00:00,snapshot,,,1,1,15,13,119.786,1.955,vertical,none
2026-02-16T20:34:39.473+00:00,snapshot,,,1,1,15,13,120.31,1.955,vertical,none
2026-02-16T20:34:40.033+00:00,snapshot,,,1,1,15,13,120.867,1.955,vertical,none
2026-02-16T20:34:40.659+00:00,snapshot,,,1,1,15,13,121.494,1.955,vertical,none
2026-02-16T20:34:41.197+00:00,snapshot,,,1,1,15,13,122.066,1.955,vertical,none
2026-02-16T20:34:41.777+00:00,snapshot,,,1,1,15,13,122.612,1.955,vertical,none
2026-02-16T20:34:42.347+00:00,snapshot,,,2,2,15,13,123.182,1.955,vertical,none
2026-02-16T20:34:42.971+00:00,snapshot,,,2,2,15,13,123.804,1.955,vertical,none
2026-02-16T20:34:43.509+00:00,snapshot,,,2,2,15,13,124.376,1.955,vertical,none
2026-02-16T20:34:44.070+00:00,snapshot,,,1,1,15,13,124.908,1.955,vertical,none
2026-02-16T20:34:44.639+00:00,snapshot,,,1,1,15,13,125.47,1.955,vertical,none
2026-02-16T20:34:45.282+00:00,snapshot,,,1,1,15,13,126.121,1.955,vertical,none
2026-02-16T20:34:45.808+00:00,snapshot,,,1,1,15,13,126.676,1.955,vertical,none
2026-02-16T20:34:46.366+00:00,snapshot,,,1,1,15,13,127.202,1.955,vertical,none
2026-02-16T20:34:47.005+00:00,snapshot,,,1,1,15,13,127.839,1.955,vertical,none
2026-02-16T20:34:47.573+00:00,snapshot,,,1,1,16,13,128.412,1.955,vertical,none
2026-02-16T20:34:48.122+00:00,snapshot,,,1,1,16,13,128.99,1.955,vertical,none
2026-02-16T20:34:48.689+00:00,snapshot,,,1,1,16,13,129.525,1.955,vertical,none
2026-02-16T20:34:49.323+00:00,snapshot,,,1,1,16,13,130.154,1.955,vertical,none
2026-02-16T20:34:49.895+00:00,snapshot,,,1,1,17,13,130.728,1.955,vertical,none
2026-02-16T20:34:50.433+00:00,snapshot,,,1,1,17,13,131.298,1.955,vertical,none
2026-02-16T20:34:51.087+00:00,snapshot,,,1,1,17,13,131.919,1.955,vertical,none
2026-02-16T20:34:51.725+00:00,snapshot,,,1,1,17,13,132.558,1.955,vertical,none
2026-02-16T20:34:52.292+00:00,snapshot,,,1,1,17,13,133.129,1.955,vertical,none
2026-02-16T20:34:52.830+00:00,snapshot,,,1,1,17,14,133.698,1.955,vertical,none
2026-02-16T20:34:53.468+00:00,snapshot,,,1,1,17,14,134.299,1.955,vertical,none
2026-02-16T20:34:54.039+00:00,snapshot,,,1,1,17,14,134.874,1.955,vertical,none
2026-02-16T20:34:54.627+00:00,snapshot,,,1,1,17,14,135.462,1.955,vertical,none
2026-02-16T20:34:55.162+00:00,snapshot,,,1,1,17,14,136.03,1.955,vertical,none
2026-02-16T20:34:55.795+00:00,snapshot,,,1,1,17,14,136.622,1.955,vertical,none
2026-02-16T20:34:56.363+00:00,snapshot,,,1,1,18,14,137.198,1.955,vertical,none
2026-02-16T20:34:56.934+00:00,snapshot,,,1,1,18,14,137.767,1.955,vertical,none
2026-02-16T20:34:57.494+00:00,snapshot,,,1,1,18,14,138.359,1.955,vertical,none
2026-02-16T20:34:58.133+00:00,snapshot,,,1,1,18,14,138.961,1.955,vertical,none
2026-02-16T20:34:58.705+00:00,snapshot,,,1,1,18,14,139.538,1.955,vertical,none
2026-02-16T20:34:59.277+00:00,snapshot,,,1,1,18,15,140.111,1.955,vertical,none
2026-02-16T20:34:59.872+00:00,snapshot,,,1,1,18,15,140.739,1.955,vertical,none
2026-02-16T20:35:00.460+00:00,snapshot,,,1,1,18,15,141.296,1.955,vertical,none
2026-02-16T20:35:01.040+00:00,snapshot,,,1,1,18,15,141.873,1.955,vertical,none
2026-02-16T20:35:01.610+00:00,snapshot,,,1,1,18,15,142.446,1.955,vertical,none
2026-02-16T20:35:02.217+00:00,snapshot,,,1,1,18,15,143.084,1.955,vertical,none
2026-02-16T20:35:02.780+00:00,snapshot,,,1,1,18,15,143.615,1.955,vertical,none
2026-02-16T20:35:03.346+00:00,snapshot,,,1,1,18,15,144.183,1.955,vertical,none
2026-02-16T20:35:03.923+00:00,snapshot,,,1,1,18,15,144.762,1.955,vertical,none
2026-02-16T20:35:04.510+00:00,snapshot,,,1,1,18,15,145.379,1.955,vertical,none
2026-02-16T20:35:05.068+00:00,snapshot,,,1,1,18,15,145.906,1.955,vertical,none
2026-02-16T20:35:05.635+00:00,snapshot,,,1,1,18,15,146.467,1.955,vertical,none
2026-02-16T20:35:06.280+00:00,snapshot,,,1,1,18,15,147.104,1.955,vertical,none
2026-02-16T20:35:06.833+00:00,snapshot,,,1,1,18,15,147.698,1.955,vertical,none
2026-02-16T20:35:07.400+00:00,snapshot,,,1,1,18,15,148.231,1.955,vertical,none
2026-02-16T20:35:07.966+00:00,snapshot,,,1,1,18,15,148.801,1.955,vertical,none
2026-02-16T20:35:08.621+00:00,snapshot,,,1,1,18,15,149.448,1.955,vertical,none
2026-02-16T20:35:09.176+00:00,snapshot,,,1,1,18,15,150.038,1.955,vertical,none
2026-02-16T20:35:09.765+00:00,snapshot,,,1,1,18,15,150.598,1.955,vertical,none
2026-02-16T20:35:10.345+00:00,snapshot,,,1,1,18,15,151.174,1.955,vertical,none
2026-02-16T20:35:11.000+00:00,snapshot,,,1,1,18,15,151.827,1.955,vertical,none
2026-02-16T20:35:11.553+00:00,snapshot,,,1,1,18,15,152.417,1.955,vertical,none
2026-02-16T20:35:12.122+00:00,snapshot,,,1,1,19,15,152.956,1.955,vertical,none
2026-02-16T20:35:12.745+00:00,snapshot,,,1,1,19,15,153.578,1.955,vertical,none
2026-02-16T20:35:13.336+00:00,snapshot,,,1,1,19,15,154.168,1.955,vertical,none
2026-02-16T20:35:13.874+00:00,snapshot,,,1,1,19,15,154.741,1.955,vertical,none
2026-02-16T20:35:14.429+00:00,snapshot,,,1,1,19,16,155.268,1.955,vertical,none
2026-02-16T20:35:15.044+00:00,snapshot,,,1,1,19,16,155.884,1.955,vertical,none
2026-02-16T20:35:15.597+00:00,snapshot,,,1,1,19,16,156.437,1.955,vertical,none
2026-02-16T20:35:16.152+00:00,snapshot,,,1,1,20,16,157.02,1.955,vertical,none
2026-02-16T20:35:16.715+00:00,snapshot,,,1,1,20,16,157.552,1.955,vertical,none
2026-02-16T20:35:17.338+00:00,snapshot,,,1,1,20,16,158.176,1.955,vertical,none
2026-02-16T20:35:17.898+00:00,snapshot,,,1,1,20,16,158.735,1.955,vertical,none
2026-02-16T20:35:18.436+00:00,snapshot,,,2,2,20,17,159.304,1.955,vertical,none
2026-02-16T20:35:19.095+00:00,snapshot,,,3,3,20,17,160.188,1.955,vertical,none
2026-02-16T20:35:19.669+00:00,snapshot,,,3,3,20,17,161.336,1.955,vertical,none
2026-02-16T20:35:20.247+00:00,snapshot,,,2,2,20,18,162.507,1.955,vertical,none
2026-02-16T20:35:20.789+00:00,snapshot,,,2,2,20,18,163.658,1.955,vertical,none
2026-02-16T20:35:21.426+00:00,snapshot,,,1,1,20,18,164.267,1.955,vertical,none
2026-02-16T20:35:21.984+00:00,snapshot,,,1,1,20,18,164.825,1.955,vertical,none
2026-02-16T20:35:22.563+00:00,snapshot,,,1,1,20,18,165.4,1.955,vertical,none
2026-02-16T20:35:23.155+00:00,snapshot,,,0,0,20,18,165.594,1.955,vertical,none
2026-02-16T20:35:23.705+00:00,snapshot,,,0,0,20,18,165.594,1.955,vertical,none
2026-02-16T20:35:24.257+00:00,snapshot,,,0,0,20,18,165.594,1.955,vertical,none
2026-02-16T20:35:24.809+00:00,snapshot,,,0,0,20,18,165.594,1.955,vertical,none
2026-02-16T20:35:25.410+00:00,snapshot,,,0,0,20,18,165.594,1.955,vertical,none
2026-02-16T20:35:25.964+00:00,snapshot,,,0,0,20,18,165.594,1.955,vertical,none
2026-02-16T20:35:26.517+00:00,snapshot,,,0,0,20,18,165.594,1.955,vertical,none
2026-02-16T20:35:27.066+00:00,snapshot,,,0,0,20,18,165.594,1.955,vertical,none
2026-02-16T20:35:27.651+00:00,snapshot,,,0,0,20,18,165.594,1.955,vertical,none
2026-02-16T20:35:28.225+00:00,snapshot,,,0,0,20,18,165.594,1.955,vertical,none
2026-02-16T20:35:28.776+00:00,snapshot,,,0,0,20,18,165.594,1.955,vertical,none
2026-02-16T20:35:29.387+00:00,snapshot,,,0,0,20,18,165.594,1.955,vertical,none
2026-02-16T20:35:29.917+00:00,snapshot,,,0,0,20,18,165.594,1.955,vertical,none
2026-02-16T20:35:30.471+00:00,snapshot,,,0,0,20,18,165.594,1.955,vertical,none
2026-02-16T20:35:31.020+00:00,snapshot,,,0,0,20,18,165.594,1.955,vertical,none
2026-02-16T20:35:31.654+00:00,snapshot,,,0,0,20,18,165.594,1.955,vertical,none
2026-02-16T20:35:32.182+00:00,snapshot,,,0,0,20,18,165.594,1.955,vertical,none
2026-02-16T20:35:32.764+00:00,snapshot,,,0,0,20,18,165.594,1.955,vertical,none
2026-02-16T20:35:33.334+00:00,snapshot,,,0,0,20,18,165.594,1.955,vertical,none
2026-02-16T20:35:33.955+00:00,snapshot,,,0,0,20,18,165.594,1.955,vertical,none
2026-02-16T20:35:34.505+00:00,snapshot,,,1,1,20,18,166.174,1.955,vertical,none
2026-02-16T20:35:35.061+00:00,snapshot,,,1,1,20,18,166.703,1.955,vertical,none
2026-02-16T20:35:35.673+00:00,snapshot,,,1,1,20,18,167.314,1.955,vertical,none
2026-02-16T20:35:36.231+00:00,snapshot,,,1,1,20,18,167.87,1.955,vertical,none
2026-02-16T20:35:36.767+00:00,snapshot,,,1,1,20,18,168.434,1.955,vertical,none
2026-02-16T20:35:37.348+00:00,snapshot,,,0,0,20,18,168.434,1.955,vertical,none
2026-02-16T20:35:37.964+00:00,snapshot,,,0,0,20,18,168.434,1.955,vertical,none
2026-02-16T20:35:38.517+00:00,snapshot,,,0,0,20,18,168.434,1.955,vertical,none
2026-02-16T20:35:39.043+00:00,snapshot,,,0,0,20,18,168.434,1.955,vertical,none
2026-02-16T20:35:39.593+00:00,snapshot,,,0,0,20,18,168.434,1.955,vertical,none
2026-02-16T20:35:40.203+00:00,snapshot,,,0,0,20,18,168.434,1.955,vertical,none
2026-02-16T20:35:40.771+00:00,snapshot,,,0,0,20,18,168.434,1.955,vertical,none
2026-02-16T20:35:41.292+00:00,snapshot,,,0,0,20,18,168.434,1.955,vertical,none
2026-02-16T20:35:41.907+00:00,snapshot,,,0,0,20,18,168.434,1.955,vertical,none
2026-02-16T20:35:42.457+00:00,snapshot,,,0,0,20,18,168.434,1.955,vertical,none
2026-02-16T20:35:43.007+00:00,snapshot,,,0,0,20,18,168.434,1.955,vertical,none
2026-02-16T20:35:43.552+00:00,snapshot,,,0,0,20,18,168.434,1.955,vertical,none
2026-02-16T20:35:44.163+00:00,snapshot,,,0,0,20,18,168.434,1.955,vertical,none
2026-02-16T20:35:44.713+00:00,snapshot,,,0,0,20,18,168.434,1.955,vertical,none
2026-02-16T20:35:45.267+00:00,snapshot,,,0,0,20,18,168.434,1.955,vertical,none
2026-02-16T20:35:45.790+00:00,snapshot,,,0,0,20,18,168.434,1.955,vertical,none
2026-02-16T20:35:46.406+00:00,snapshot,,,0,0,20,18,168.434,1.955,vertical,none
2026-02-16T20:35:46.978+00:00,snapshot,,,0,0,20,18,168.434,1.955,vertical,none
2026-02-16T20:35:47.527+00:00,snapshot,,,0,0,20,18,168.434,1.955,vertical,none
2026-02-16T20:35:48.109+00:00,snapshot,,,0,0,20,18,168.434,1.955,vertical,none
2026-02-16T20:35:48.659+00:00,snapshot,,,0,0,20,18,168.434,1.955,vertical,none
2026-02-16T20:35:49.214+00:00,snapshot,,,0,0,20,18,168.434,1.955,vertical,none
2026-02-16T20:35:49.784+00:00,snapshot,,,0,0,20,18,168.434,1.955,vertical,none
2026-02-16T20:35:50.366+00:00,snapshot,,,0,0,20,18,168.434,1.955,vertical,none
2026-02-16T20:35:50.922+00:00,snapshot,,,0,0,20,18,168.434,1.955,vertical,none
2026-02-16T20:35:51.473+00:00,snapshot,,,0,0,20,18,168.434,1.955,vertical,none
2026-02-16T20:35:52.021+00:00,snapshot,,,0,0,20,18,168.434,1.955,vertical,none
2026-02-16T20:35:52.608+00:00,snapshot,,,0,0,20,18,168.434,1.955,vertical,none
2026-02-16T20:35:53.180+00:00,snapshot,,,0,0,20,18,168.434,1.955,vertical,none
2026-02-16T20:35:53.729+00:00,snapshot,,,0,0,20,18,168.434,1.955,vertical,none
2026-02-16T20:35:54.334+00:00,snapshot,,,0,0,20,18,168.434,1.955,vertical,none
2026-02-16T20:35:54.859+00:00,snapshot,,,0,0,20,18,168.434,1.955,vertical,none
2026-02-16T20:35:55.412+00:00,snapshot,,,0,0,20,18,168.434,1.955,vertical,none
2026-02-16T20:35:55.985+00:00,snapshot,,,0,0,20,18,168.434,1.955,vertical,none
2026-02-16T20:35:56.591+00:00,snapshot,,,0,0,20,18,168.434,1.955,vertical,none
2026-02-16T20:35:57.114+00:00,snapshot,,,0,0,20,18,168.434,1.955,vertical,none
2026-02-16T20:35:57.676+00:00,snapshot,,,0,0,20,18,168.434,1.955,vertical,none
2026-02-16T20:35:58.230+00:00,snapshot,,,0,0,20,18,168.434,1.955,vertical,none
2026-02-16T20:35:58.839+00:00,snapshot,,,0,0,20,18,168.434,1.955,vertical,none
2026-02-16T20:35:59.383+00:00,snapshot,,,0,0,20,18,168.434,1.955,vertical,none
2026-02-16T20:35:59.936+00:00,snapshot,,,0,0,20,18,168.434,1.955,vertical,none
2026-02-16T20:36:00.543+00:00,snapshot,,,0,0,20,18,168.434,1.955,vertical,none
2026-02-16T20:36:01.091+00:00,snapshot,,,0,0,20,18,168.434,1.955,vertical,none
2026-02-16T20:36:01.611+00:00,snapshot,,,0,0,20,18,168.434,1.955,vertical,none
2026-02-16T20:36:02.180+00:00,snapshot,,,0,0,20,18,168.434,1.955,vertical,none
2026-02-16T20:36:02.790+00:00,snapshot,,,0,0,20,18,168.434,1.955,vertical,none
2026-02-16T20:36:03.342+00:00,snapshot,,,0,0,20,18,168.434,1.955,vertical,none
2026-02-16T20:36:03.863+00:00,snapshot,,,0,0,20,18,168.434,1.955,vertical,none
2026-02-16T20:36:04.415+00:00,snapshot,,,0,0,20,18,168.434,1.955,vertical,none
2026-02-16T20:36:05.026+00:00,snapshot,,,0,0,20,18,168.434,1.955,vertical,none
2026-02-16T20:36:05.606+00:00,snapshot,,,0,0,20,18,168.434,1.955,vertical,none
2026-02-16T20:36:06.138+00:00,snapshot,,,0,0,20,18,168.434,1.955,vertical,none
2026-02-16T20:36:06.751+00:00,snapshot,,,0,0,20,18,168.434,1.955,vertical,none
